Team Number,Team Name,Organization,City,State,Country
10G,Exothermic Greenish-Yellow Highlighter,Exothermic Robotics,Redmond,WA,United States
12A,Absolute Zero,The Potomac School,Mclean,VA,United States
12M,Megamind,The Potomac School,Mclean,VA,United States
12S,Supernova,The Potomac School,Mclean,VA,United States
81Y,VEXMEN: Paradox,Brandywine Robotics Inc.,Chester Springs,PA,United States
88S,Starlight,Irvine Area Robotics,Irvine,CA,United States
474G,Paragon,Wakefield HS,Arlington,VA,United States
663A,&,CHATTANOOGA CHRISTIAN SCHOOL,Chattanooga,TN,United States
663D,UltraViolet,CHATTANOOGA CHRISTIAN SCHOOL,Chattanooga,TN,United States
663H,Target Acquired,CHATTANOOGA CHRISTIAN SCHOOL,Chattanooga,TN,United States
663J,JellyBotz,CHATTANOOGA CHRISTIAN SCHOOL,Chattanooga,TN,United States
1010N,TenTon Robotics,West Vancouver School District #45,West Vancouver,BC,Canada
1211X,Xtra! Xtra!,Central Arkansas Robotics Academy,Cabot,AR,United States
1220X,RoboRedux,PWCS Robotics,Gainesville,VA,United States
1255D,Warhawk Delta,GREAT CROSSING HIGH SCHOOL,Georgetown,KY,United States
1255S,Spicy Bread,GREAT CROSSING HIGH SCHOOL,Georgetown,KY,United States
1647P,Snoopy,Peanuts,Lake Charles,LA,United States
2145V,Pink Swirlee Unicorns,Pink Unicorns,Manassas,VA,United States
2145W,Pink Sugaree Unicorns,Pink Unicorns,Manassas,VA,United States
2145X,Pink Shimmeree Unicorns,Pink Unicorns,Manassas,VA,United States
2145Y,Pink Spanglee Unicorns,Pink Unicorns,Manassas,VA,United States
2468Y,ARTEMIS,Irvine Robotics,Irvine,CA,United States
2701B,Gold Stars,Franklin Christian Academy,Franklin,TN,United States
2701C,Mech 'n Cheese,Franklin Christian Academy,Franklin,TN,United States
2701Y,Franklin Christian Academy,Franklin Christian Academy,Franklin,TN,United States
2701Z,Steam Punk,Franklin Christian Academy,Franklin,TN,United States
3131V,Drumroll Please,EASTSIDE HIGH SCHOOL,Gainesville,FL,United States
3142C,Cuties,Paideia School,Atlanta,GA,United States
3239V,Vanguard,Vanguard Robotics,Atlanta,GA,United States
3440F,Fishous,REACT,Elizabethtown,KY,United States
3440M,Monarch,REACT,Elizabethtown,KY,United States
4051V,Vantage,Void Robotics,San Ramon,CA,United States
4195V,Checkmate,Concord Robotics,Concord,NC,United States
4873G,Gasoline,Seckinger High School,Buford,GA,United States
4873K,Khaos!,Seckinger High School,Buford,GA,United States
4873S,Safety Not Guaranteed,Seckinger High School,Buford,GA,United States
6008G,G-Force,NORTH UNION HIGH SCHOOL,Richwood,OH,United States
7046U,Orbital,Collierville Independent Robotics,Collierville,TN,United States
8448G,winGmen,MOUNTAIN BROOK HIGH SCHOOL,Mountain Brook,AL,United States
8448X,Team Rocket,MOUNTAIN BROOK HIGH SCHOOL,Mountain Brook,AL,United States
8682A,Apollo,Newton College and Career Academy,Covington,GA,United States
8682N,Nighthawks,Newton College and Career Academy,Covington,GA,United States
8737M,ROKKR,ARCADIA HIGH,Arcadia,CA,United States
8823E,Erudite,Milford Robotics,Milford,OH,United States
8823H,Hephaestus,Milford Robotics,Milford,OH,United States
9364A,Iron Eagles - Avalanche,Brentwood Academy,Brentwood,TN,United States
9364E,Iron Eagles - Ember,Brentwood Academy,Brentwood,TN,United States
9568W,Alt-W,RoboPlanet Education and Community Society,Richmond,BC,Canada
11227S,Zoophytes,Momentum Robotics,Thompsons Station,TN,United States
12914X,OmegaBotz,Omega Robotics Corp.,Gainesville,VA,United States
12914Y,OmegaBlitz,Omega Robotics Corp.,Gainesville,VA,United States
18886X,GuGuGaGa,STEM Cupertino,Cupertino,CA,United States
20025G,Innovation Robotics-Ghost,INNOVATION ACADEMY of Robertson County,Springfield,TN,United States
20850C,Lucky Cats,AOE Robotics Club,Rockville,MD,United States
20850D,AeroDynamics,AOE Robotics Club,Rockville,MD,United States
20850S,Skylight,AOE Robotics Club,Rockville,MD,United States
24816A,Mental Breakdown,Happy Valley High School,Elizabethton,TN,United States
24816H,BIG BROTHER,Happy Valley High School,Elizabethton,TN,United States
24816T,Invictus,Happy Valley High School,Elizabethton,TN,United States
31218W,The Moderately Sized Wave,ETOWAH HIGH SCHOOL,Attalla,AL,United States
37215A,CPA - Infrared,CHRIST PRESBYTERIAN ACADEMY,Nashville,TN,United States
37215B,CPA - Hooligans,CHRIST PRESBYTERIAN ACADEMY,Nashville,TN,United States
40000C,CAPTCHA,Brentwood Community Robotics,Brentwood,TN,United States
54010A,Puck On Wheels,Cyberadelphia,Newtown Square,PA,United States
57152C,Cypher,CABOT JUNIOR HIGH NORTH,Cabot,AR,United States
57249A,Raptor Robotics - Goose,Ravenwood High School,Brentwood,TN,United States
57249C,Raptor Robotics - JOKR,Ravenwood High School,Brentwood,TN,United States
57711A,Aluminum,Alchemy Global STEM Institute,White Pine,TN,United States
57711C,Chicken Jockey,Alchemy Global STEM Institute,White Pine,TN,United States
57711E,"Screws, Gears & Engineers",Alchemy Global STEM Institute,White Pine,TN,United States
57711N,ZipTies,Alchemy Global STEM Institute,White Pine,TN,United States
61542P,Techno Trash Pandas,Robo Dojo,Franklin,TN,United States
61568A,Genesis,Private team,Morrisville,NC,United States
66556Z,Nameless,Nameless Robotics,Mesa,AZ,United States
67960E,Quantum Eclipse,Parkside Robotics,Irving,TX,United States
68699A,Driving Nuggets,Ustar STEM Lab,San Jose,CA,United States
72202A,Awesome Sauce,CENTRAL HIGH SCHOOL,Little Rock,AR,United States
72202Z,QSE Robotics,CENTRAL HIGH SCHOOL,Little Rock,AR,United States
88909Y,88909Y,INOBOTICS,Mountain View,CA,United States
89227X,RemiX,RIDGELAND HIGH SCHOOL,Rossville,GA,United States
90696C,Rice Brothers,Private,Fremont,CA,United States
91157A,Apollo,Cabot Freshman Academy,Cabot,AR,United States
96668W,ALT-W,96668 Robotics,Richmond,BC,Canada
97934H,RoboPanthers - Hear Me Out,FRANKLIN ROAD ACADEMY,Nashville,TN,United States
97934R,RoboPanthers - Rhyhorn Fan Club,FRANKLIN ROAD ACADEMY,Nashville,TN,United States
97934U,RoboPanthers - Tachyon,FRANKLIN ROAD ACADEMY,Nashville,TN,United States
97934X,RoboPanthers - BulletTrain,FRANKLIN ROAD ACADEMY,Nashville,TN,United States
99040B,Blackout Robotics,VESTAVIA HILLS HIGH SCHOOL,Vestavia Hills,AL,United States
99040D,Imperatrix,Vestavia Hills High School,Vestavia Hills,AL,United States
99040K,Kooked,VESTAVIA HILLS HIGH SCHOOL,Vestavia Hills,AL,United States
99040M,Minutemen,VESTAVIA HILLS HIGH SCHOOL,Vestavia Hills,AL,United States
99209X,Refract,1x Robotics,Manassas,VA,United States
99299X,Scorpion,BEECH SR HIGH SCHOOL,Hendersonville,TN,United States
99905G,NAT 20 RoboGryphs,ST GEORGE'S INDEPENDENT SCHOOL,Collierville,TN,United States
